customer_id,name,email,address
1,Brian Yang,johnsonjoshua@example.org,"01338 Anna Stravenue Suite 379, Lisatown, WV 21427"
2,Brandon Davis,jpeterson@example.org,"78161 Calderon River Suite 931, Lake Jeremyport, CO 31013"
3,Daniel Adams,jamesshawn@example.com,"USS Lynch, FPO AE 70511"
4,Melinda Cameron,frankgray@example.net,"56413 Lewis Parks, Wilkersonmouth, FL 35219"
5,Stephanie Ross,johnhoffman@example.com,"710 Eric Estate, Carlsonfurt, MS 78605"
6,Melanie Herrera,jrice@example.org,"46270 Stanton Track Apt. 814, East Nathaniel, GA 71198"
7,William Roman,georgetracy@example.org,"117 Tiffany Place, East Donna, OH 22144"
8,Monica Harris,allison96@example.org,"8713 Caleb Brooks Apt. 930, Lake Crystalbury, CA 04618"
9,Carlos Walls,chad34@example.net,"76311 Gomez Loop Suite 010, Chandlerville, IA 25613"
10,Shannon Jones,amandataylor@example.org,"80132 Tucker Forest, Barreraburgh, MS 00783"
11,Richard Gibson,,"34309 Julie Centers Apt. 978, North Susan, CO 24857"
12,Steve Sanchez,larsonemma@example.org,"9985 Harris Stravenue, Johnfurt, DC 88540"
13,Dr. Angel Lewis MD,stephen10@example.com,"USS Suarez, FPO AA 37854"
14,Dr. Kendra Contreras,samueldaniels@example.com,"41182 Campbell Fords, Jamesview, NY 64533"
15,Amanda Cook,rebecca01@example.net,"78680 Charles Spurs Apt. 805, South David, ME 48296"
16,Richard Henson,nolanjason@example.org,"22602 Patton Loop, West Erik, UT 14669"
17,Julia Torres,ebrennan@example.org,"03654 Tammy Harbors, Darlenefurt, TX 70783"
18,Deborah Rodriguez,sheila14@example.org,"9816 Jonathan Station Suite 088, West Ryan, TN 43780"
19,Jason Powell,elizabeth14,"66299 Sullivan Village, West Justinchester, WY 76520"
20,Toni Fitzgerald,steven73@example.net,"951 Emily Fork Apt. 200, South Cheryl, WI 10046"
21,Janet Ross,operry@example.net,"63287 Angela Vista, South Dennismouth, TN 70117"
22,Sandra Kelley,stephanie79@example.net,"PSC 7743, Box 4873, APO AA 58155"
23,Angela Hernandez,reevesjimmy@example.com,"316 Rivera Mountain, Brownchester, MS 77057"
24,Tommy Evans,gateskathy,"893 Robinson Mews Suite 065, Ramseymouth, PW 17229"
25,Jeffrey Camacho,meadowsbrittany@example.net,"5375 Juarez Light Suite 641, Smithside, AR 46371"
26,Tiffany Gonzalez,debraharrington@example.net,"27193 Lyons Trafficway, Garyville, WI 21966"
27,Jaime David,daniel04@example.net,"49190 Patel Shore, Caseymouth, AL 55558"
28,Michelle Graham,xgarcia@example.net,"877 Petersen Ramp Suite 531, Nicolebury, WV 61411"
29,Mr. David Ramirez,frogers@example.com,"083 John Lodge Suite 837, Westtown, CO 39067"
30,Juan Cooper,richardsanchez@example.net,"Unit 8557 Box 4443, DPO AE 95041"
31,Parker Hill,leslienewton@example.net,"34352 Smith Place Apt. 400, Heidiberg, SC 99170"
32,Jeremiah Lopez,agarcia@example.net,"16719 Edward Valleys Suite 131, Obrienbury, WI 68995"
33,Jessica Carroll,chayes@example.com,"34123 Andrea Estate, South Shannonfort, LA 04779"
34,Tammy French,keithcampbell@example.com,"1832 Serrano Cliffs, East Laurashire, PW 38329"
35,Dillon Fernandez,smartinez@example.com,"5940 Jeremy Spring, Port Emilyview, OK 05774"
36,Jessica Olsen DVM,thomaspearson@example.com,"5125 Steele Heights Suite 807, West Johnnyville, WI 53477"
37,Virginia Sandoval,,"38597 Wolf Ford Suite 824, Gilmorefort, DE 04284"
38,Danny Skinner,jennifercollins@example.org,"274 Perry Orchard, Sanchezside, FL 50778"
39,Raymond Dickerson,sandraromero@example.org,"44997 Sean Orchard Suite 588, Gibsonmouth, VI 25228"
40,John Mcintyre,ashleyhall@example.com,"0289 Kane Well, Garciamouth, AL 95193"
41,Wayne Morgan,robertpena@example.org,"8657 Christina Freeway, Wendyland, NE 13404"
42,Anthony Howard,wallaceheather@example.org,"692 Gregory Ridge, Harveybury, NM 76936"
43,Stephanie Marshall,jesselittle@example.com,"75946 Bryant Hollow, South Melissa, CT 31592"
44,William Barrett,karmstrong@example.com,"743 Robinson Field, Ericaberg, SC 13236"
45,Ann Phillips,parkerscott@example.net,"28588 Rivas Glens, Coffeyport, WA 44897"
46,Megan Sanders,mcdonaldcharles@example.org,"60481 Richardson Summit Suite 965, Lake Jesustown, RI 74085"
47,Michael Banks,rose31@example.net,"47113 Paul Land, Matthewsberg, FM 54880"
48,Claudia Wallace,basschristina@example.com,"58506 Lopez Crossing Suite 139, North Kristinbury, DC 74501"
49,Sergio Murphy,caseyhubbard@example.org,"2284 Daniel Way, East Alexisbury, OR 42938"
50,Nichole Alvarez,thompsonbrian@example.net,"8390 Ellis Burgs, South Melaniechester, TX 14651"
51,Lee Jones,cjoseph@example.org,"9847 Garcia Squares Apt. 836, Beasleychester, MA 59942"
52,David Mckay,gperry@example.com,"11161 Cain Point Apt. 988, Elizabethchester, MI 87708"
53,Shawna Griffith,,"Unit 9451 Box 9832, DPO AP 63702"
54,Hayley Hawkins,,"368 Chelsea Shoals Suite 024, Sandrastad, AL 24278"
55,Mark Johnson,ashleymorales,"6752 Collins Islands, North Ericton, TX 11194"
56,Daniel Hunt,scott67@example.net,"9784 Jeffrey Rapid, North Jamesborough, WI 18488"
57,Carl Patel,keith10@example.com,"60607 Michelle Ports Suite 966, Dariustown, MD 23028"
58,Dana Chapman,xcollier@example.org,"5352 William Crescent Apt. 552, North Dwayne, ID 23241"
59,Julie Elliott,kathleenrios@example.org,"527 Taylor Roads Suite 490, Williamport, NH 59734"
60,Savannah Gilbert,brownmarie@example.org,"807 Marc Mountains Apt. 071, Toniland, NY 85190"
61,Caitlin Watson,benjaminzimmerman@example.com,"9051 Davis Springs Suite 449, West Christopher, TN 19038"
62,Emily Bennett,kyle62@example.net,"816 Smith Inlet, East Matthew, WI 64237"
63,Ashley Wise,jeremytaylor@example.org,"592 Moore Falls, Lake Samuel, MT 48250"
64,Joseph Collins,tarabishop@example.net,"59774 Shaw Manor Apt. 392, Brettfort, VI 49156"
65,Christopher Cole,dawsonzachary@example.org,"37506 Randy Landing Apt. 615, North Lucas, CT 94178"
66,Melissa Taylor,lacey20@example.com,"010 Lewis Drive Suite 143, Davidbury, MT 84249"
67,Jose Allen,fbrown@example.net,"95396 Elizabeth Corner Suite 188, South Morganton, SC 51210"
68,Matthew Garcia,jon05@example.org,"05852 Pollard Neck Apt. 217, West Jamesborough, FM 05993"
69,Paul Lee,sarah86@example.net,"541 Kim Locks, Klinefurt, MA 24987"
70,Monica Miller,xholt@example.net,"451 Mark Hill, Seanchester, GA 90909"
71,Lisa Graham,cbell@example.net,"65820 Melinda Springs, Johnsonland, IA 85063"
72,Tiffany Watson,michael90@example.net,"565 Wright Crescent, Lake Jacobhaven, MS 74120"
73,Donna Hendricks DDS,greenjorge@example.com,"2715 Mckinney Plaza, Patriciaburgh, VT 93504"
74,Cynthia Snyder,laurahicks@example.org,"8291 Kyle Stravenue Suite 866, East Teresaland, NV 61558"
75,Jessica Bartlett,david89@example.org,"242 Marcus Station, West Stacey, NC 37731"
76,Eric Ferguson,kingcynthia@example.net,"922 Kirby Port, Port Michelleland, AZ 84577"
77,Stephen Gardner,debra96@example.net,"3647 Haley Estate Suite 677, West Catherine, MD 94658"
78,Justin Flores,jessica56@example.org,"3210 Dougherty Way Suite 325, Jamesburgh, NM 67967"
79,James Bryant,tjimenez@example.com,"04797 Herrera Vista Apt. 624, Kathrynstad, AZ 53006"
80,Jonathan Duran,hudsonjames@example.net,"16558 Fischer Flat, Porterton, AZ 18462"
81,Brenda Velazquez,linda87@example.org,"495 Erickson Hills Suite 055, South Brandytown, PA 62706"
82,John Warren,tammy99@example.org,"30913 Scott Manor Apt. 636, Salaston, VT 18599"
83,Tyler Stevens,annbolton@example.com,"497 Susan Harbors Suite 344, Lake Janet, MD 63389"
84,Jamie Baird,ann44@example.org,"0415 Douglas Summit, Lewisside, KY 74165"
85,Taylor Perez,derrick99@example.org,"5712 Tamara Estate, Delgadofort, NJ 85768"
86,Susan Davis,katelynmitchell,"62067 Sharon Well, Nancytown, ME 74944"
87,Kathleen Mays,hebertmatthew@example.com,"3152 Wong Stravenue Apt. 054, East Cheryl, SC 53649"
88,William Woods,frobertson@example.com,"USS Green, FPO AE 59055"
89,Matthew Schwartz,stephanie49@example.net,"4268 Vaughn Route, Michaelbury, IN 18008"
90,Michael Durham,vhernandez@example.net,"91878 Miller Port, North Mariahaven, ID 75566"
91,Michelle Burns,franklinbond@example.com,"PSC 7072, Box 8679, APO AE 73743"
92,Robert Reese,tchambers@example.net,"5180 Valerie Mountains, West Robertberg, WI 84586"
93,Jamie Miller,ybrooks@example.com,"USNS Valdez, FPO AA 16050"
94,Sandy Avila,victorialong@example.org,"Unit 7868 Box 6337, DPO AA 20833"
95,Taylor Small,jacob10@example.net,"90790 Joy Locks, Youngborough, WV 07899"
96,Kyle Chambers,williamroberts@example.net,"83644 Angela Ramp Apt. 687, West Shellyfurt, WY 69243"
97,Jennifer Evans,,"34270 Faulkner Point Apt. 634, West Deborah, NV 49138"
98,Larry Williams,nicholsmaria@example.org,"3540 Sharon Streets, Lake Yvonnefort, PW 32298"
99,Jamie Ferguson,randyallen@example.com,"8771 Gill Island Apt. 556, New Michelleberg, AK 34681"
100,Roy Porter,mphillips@example.com,"7772 Jackson Stravenue Suite 280, Port Melanieton, WV 01337"
101,Alexa Wagner,otaylor@example.org,"700 Smith Pines Suite 840, Drakeburgh, CT 13125"
102,Corey Fox,,"1567 Veronica Fork Suite 101, Grayside, NJ 07856"
103,Erin Madden,warnerchristopher@example.com,"Unit 8033 Box 9740, DPO AE 90210"
104,Alexis Clark,rachel90@example.org,"42939 Rhodes Plains Suite 621, Brianchester, IN 10464"
105,Mark Bowers,cassie99@example.com,"8662 Miller River, Laurenland, CO 35624"
106,Isaac Davis,normanbowers@example.org,"USCGC Ward, FPO AA 13900"
107,Ashley Davis,christopherjordan@example.net,"0466 Jenny Points Apt. 982, Jacksonview, ME 35681"
108,Christopher Hill,,"4379 Stephen Dale, Adamfurt, MA 81790"
109,Rodney Curtis,vbrock@example.com,"9375 Tamara Island Suite 793, Nicholasfurt, MN 15428"
110,Tiffany Murray,brittanygardner@example.net,"1672 Allen Shoals Apt. 661, Ewingfort, OR 53035"
111,Kimberly Little,ystephens@example.com,"529 Anna Rue, Rasmussenmouth, WY 56921"
112,Lauren Johnston,smithjonathan@example.net,"9825 Timothy Hill Suite 112, Larrymouth, WY 27615"
113,Emma Evans,gbailey@example.com,"51238 Andrea Isle, Mullenbury, AS 53591"
114,Martin Reynolds,,"9660 Jamie Terrace, New Cristianside, HI 48446"
115,Vincent Edwards MD,james14@example.net,"5792 Sellers Ramp, Lake Dennisville, IA 40527"
116,Chad Reyes,whiteheather@example.net,"274 Jacob Ville, Harveystad, AL 64019"
117,Jennifer Vasquez,jamescruz@example.net,"2190 Kelly Harbor Apt. 842, Cunninghamfort, OH 67453"
118,Kimberly Sherman PhD,armstrongjoseph@example.net,"1340 Baker Wall, South Michelleville, WI 31557"
119,Mackenzie Martin,lisamatthews@example.com,"09584 Mario Squares, Keithview, PR 67926"
120,Donald Rios,taylorkaren@example.com,"25367 Barbara Grove, Brooksland, SC 12703"
121,Jordan Freeman,rrobertson@example.net,"751 Robinson Meadow, South Joseph, MP 37672"
122,Michael Williams,amy29@example.com,"12770 Harris Spurs Apt. 424, Lake Michaelland, MN 87599"
119,Jessica Davis,brettgarrett@example.net,"1293 Smith Square, Lisachester, UT 17825"
124,Ashley Richardson,yjones@example.org,"21890 Scott Stravenue Apt. 269, Heathland, MH 13669"
125,Emily Taylor,karenlawrence@example.com,"89994 Melanie Shoals, Jamiehaven, ID 98522"
126,David Little,dphillips@example.org,"5269 Diaz Springs, Port Thomas, WI 10068"
127,Tiffany Sanders,matthewsalexander@example.org,"6188 Joshua Inlet Apt. 832, Peterland, ME 92077"
128,Jeffrey Chavez,pblair@example.org,"210 Jacqueline Estates Suite 588, Garyberg, WA 35728"
129,Deborah Proctor,wiseanthony@example.com,"8507 Michael Glens Apt. 913, North Micheletown, IA 06527"
130,Amanda Pratt,jcox@example.org,"53654 Ashley Crest Apt. 238, South Caseymouth, VI 37503"
131,Justin Torres,mark87@example.org,"9738 Edward Lodge Apt. 385, West Aaronfurt, PR 97242"
132,Valerie Thomas,dalton83@example.com,"86571 William Route, Jonesshire, AR 57515"
133,Mercedes Moss,joelgreen@example.com,"13291 Daniel Mission Suite 561, Tamiborough, NV 40911"
134,Elizabeth Bush,hbaker@example.org,"2135 Palmer Springs, Jorgeburgh, AK 53505"
135,Robert Taylor,jhawkins@example.org,"36519 Lowery Club, North Jamesmouth, AS 17381"
136,Joel Jackson,steinmaria@example.com,"0662 Lewis Ferry Suite 472, New Christinebury, SD 39181"
137,James Barnes,jjenkins@example.com,"806 Castillo Tunnel, Coopershire, NY 42654"
138,Steven Osborne,bnelson@example.com,"593 Craig Shoals Apt. 480, New Meghan, AS 51412"
139,Oscar Howard,savannah22@example.org,"929 Mary Valleys Suite 842, Johnsonton, IN 79362"
140,Renee Peterson,andrewwoods@example.com,"02921 Yu Landing Suite 915, Marcusburgh, VA 57762"
141,Tanya Buchanan,lbanks@example.net,"4422 Stacy Ports, Rosalesshire, AZ 24366"
142,Jon Rivera,samantha93@example.net,"2157 Joseph Gateway Apt. 541, North Paulchester, GA 54767"
143,John Shields,wmacias@example.net,"71040 Green Cove, West Georgefurt, GA 96443"
144,Lisa Webb,paynerachael@example.org,"620 Mark Field, Terryside, KS 87086"
145,Katherine Brown,kenneth10@example.com,"9731 Jamie Route, Tiffanyfort, PR 15640"
146,Joshua Lopez,kristen77@example.net,"70477 Perez Grove Apt. 211, Lindseychester, WV 77797"
147,Melissa Mayer,angelarandall@example.net,"4160 David Throughway, Thompsonburgh, IL 25761"
148,Rodney Hernandez,bradmiller@example.net,"116 Arnold Walks Suite 870, Rodriguezberg, FL 74765"
149,Joseph Cooper,buckleyanna@example.org,"799 Johnson Harbor Suite 299, Williamsmouth, UT 31640"
150,Riley Collins,reesesamantha@example.com,"24754 Jacobs Corners, South Jason, GU 53869"
151,Ana Mckinney,xmalone@example.org,"33030 Williams Lake, West Micheal, NH 66708"
152,John Griffin,hreid@example.net,"USCGC Matthews, FPO AA 45622"
153,James Martin,marygreen@example.net,"33468 Michelle Trafficway, South Rhondaburgh, PA 01610"
154,Maria Coleman,johnnytrujillo@example.com,"4374 Silva Avenue Suite 899, Kennethville, NJ 08868"
155,Stephanie Evans,vanessa54@example.com,"96520 Bright Green, Sullivanton, OR 93309"
156,Karen Shepard,matthewreeves@example.net,"82417 Joyce Stream Apt. 513, Jeffreyport, MT 43927"
157,Mark Carpenter,jorge47@example.org,"81684 Brown Walk Apt. 235, Benitezmouth, FL 41970"
158,Anthony Hayes,kimberlyfreeman@example.net,"271 Christina Roads, Powellfort, MS 01112"
159,Monica Dodson,,"03354 Curtis Parkway, Garyton, ME 38620"
160,Michael Anderson,mluna@example.net,"Unit 7532 Box 6033, DPO AP 17698"
161,Matthew Johnson,jessicalawrence@example.org,"909 Ebony Shoal Apt. 016, Jamesside, KS 62681"
162,Brian Meyer,jamiejennings@example.org,"1891 Wilson Coves, Gonzalezborough, WI 34972"
163,Susan Watts,michaelortiz@example.org,"01197 Stacy Tunnel, Lake Jenniferview, SD 30799"
164,Robert Sawyer,shinton@example.com,"561 Melissa Cape Apt. 225, Patriciaview, FM 96585"
165,Jesus Houston,watsonmatthew@example.org,"2120 Dale Ramp Suite 972, Maxwelltown, VI 90215"
166,Dennis Edwards,timothyfreeman@example.com,"588 Ryan Stream, South Michael, TX 84571"
167,Timothy Wagner,jhernandez@example.net,"17535 Williams Fork Suite 631, Wallaceshire, NV 12037"
168,Ashley Gutierrez,hwest@example.com,"99488 Diamond Motorway, Michaelton, GU 29719"
169,Matthew Baldwin,xrivera@example.net,"55488 Park Cape, South Donald, VT 97823"
170,Samuel Lewis,nrodriguez@example.org,"516 Sara Villages, Port Patriciamouth, TN 77743"
171,Jessica Richards,tamarasmith@example.net,"PSC 2922, Box 1699, APO AA 66575"
172,James Cooper,mbarnes@example.net,"69848 Joseph Plaza, East Jason, VT 38587"
173,Mallory Page,samantha22,"968 Rich Manors Apt. 810, Thomaston, ID 35494"
174,Melissa Phillips,tonyavega,"7198 Julia Points, Youngport, UT 87597"
175,Jasmine Frye,,"Unit 5800 Box 4397, DPO AE 83572"
176,Cheryl Cole,kari89@example.org,"Unit 1228 Box 1606, DPO AA 73455"
177,Timothy Williams,david94@example.org,"USS Ayala, FPO AP 81190"
178,Emily Robinson,tracy98@example.com,"268 Davis Forges, Lake Martin, MN 38980"
179,Veronica Smith,stephaniemontgomery@example.com,"99305 Moon Crescent Suite 484, New Lynnstad, NY 67181"
180,Bradley Davis,stucker@example.net,"Unit 8801 Box 3361, DPO AE 70985"
181,Joe Rivera,elucas@example.net,"48193 Russell Mission, Hamiltontown, MS 88751"
182,Laurie Haynes,nicholsdarlene@example.net,"4914 James View, South Ericbury, DC 98379"
183,Michael Sloan,irobles@example.com,"88210 Ashley Lock Apt. 435, South Rebecca, PR 67682"
184,Michael Bradley,eugenewalker@example.com,"814 John Flat Suite 552, North Justin, CA 25863"
185,Brittany Knight,todd59@example.net,"05336 Larsen Dale Suite 777, Kimfort, OH 14765"
186,Angela Ramirez,,"1108 Lisa Prairie, Hammondborough, PW 05305"
187,Holly Walker,amy87,"78816 Shaw Shore Apt. 928, South Erik, OK 74663"
108,John Brown,jillwebb@example.com,"385 Harrison Motorway, North Tinamouth, CT 92741"
189,Matthew Diaz,mary49@example.net,"463 Gomez Ways, Tommyfort, FM 79696"
190,Mason Lewis,shawdon@example.org,"136 Cortez Orchard Suite 739, Lake Martha, AK 32439"
191,Stephanie Thomas,andersonbrittany@example.org,"699 Natalie Stream, Staceyborough, NV 79999"
192,Charles Aguilar,kdillon@example.org,"57991 Nicholas Curve Apt. 038, Serranoville, HI 62874"
193,Mr. Larry Carey,richamanda@example.org,"PSC 6865, Box 0863, APO AA 50470"
194,Ralph Kent,brianna91@example.com,"3009 April Lane Apt. 565, East Ronaldshire, KS 34750"
195,Dalton Arnold,ncunningham@example.com,"8874 Lane Trail, Fitzgeraldville, WA 30617"
196,Tiffany Garcia,,"902 Oconnell Avenue Apt. 279, Davisview, IN 49107"
197,Donna Stuart,lynchjenny@example.com,"770 Melissa Unions, Jameshaven, NC 92048"
198,Vanessa Miller,christinacraig@example.com,"6693 Jillian Cliff Apt. 848, Michaelview, IN 79978"
199,Jared Smith,,"184 Arroyo Unions, Nancyshire, KS 91490"
200,Gerald Rowe,kchurch@example.com,"1416 Erica Forks, Robertstad, NC 70709"
201,Paul Peterson,haynesjose@example.com,"5539 White Summit, South Jillian, IA 96895"
202,Luke Moore,moniqueclark@example.org,"790 Melanie Landing, Travisshire, VI 36510"
203,Paul Anderson,wwhite@example.net,"8085 Dalton Trail Apt. 718, Stewarttown, AL 88857"
204,Chelsea Baker,nicolasgarcia@example.com,"2763 Haynes Landing Suite 647, New David, OK 90417"
205,James Thomas,lisale@example.org,"USNS Kennedy, FPO AE 23649"
206,Rachel Evans,oporter@example.net,"1203 Woods Roads, South Julieview, MN 47727"
207,Lisa Ray,maurice61@example.com,"5587 Preston Light, Stevenberg, VI 22465"
208,Angela Cooper,robert99@example.com,"496 Barron Tunnel Suite 987, Jacksontown, DC 95891"
209,Christopher Garcia,ebonyshepard@example.net,"006 Dalton River Apt. 164, East Joan, NV 82615"
210,Shannon Nguyen,davidroberson@example.org,"728 Brittany Motorway Suite 884, Timothybury, AS 12239"
211,Aaron Ochoa,aparker@example.com,"7807 Evans Trafficway Suite 493, New Nathanielchester, FM 73973"
212,Christopher Mclaughlin,,"41638 Mitchell Summit Suite 631, East Keith, SC 60183"
213,Christian Booker,nnelson@example.com,"4270 Christopher Bridge, Robinsonchester, ME 65826"
214,Brianna Adams,steven05@example.org,"34601 Paul Mills Apt. 037, New Elizabethborough, NJ 51504"
215,Barbara Olson,sharon20@example.net,"31365 Gary Harbor Apt. 630, New Kristenfort, UT 78647"
216,Luke Galvan,nathandavis@example.org,"Unit 0052 Box 8127, DPO AE 42016"
217,Nathaniel King,linda73@example.org,"487 Ashley Plains Suite 574, North Amanda, NV 39255"
218,Cody Smith,amber70@example.net,"1863 Cannon Drives, Marcusmouth, DE 13117"
219,Christina Washington,williamssharon,"789 Williams Forges Apt. 037, South Laurieton, MN 73641"
220,Deborah Williams,yshort@example.net,"38113 Lopez Pine Apt. 928, Reeseshire, MI 88908"
221,Krista Wagner,bpark@example.org,"5855 Duran Meadows Suite 939, South Katie, WA 33804"
222,Duane Smith,suzanne76@example.org,"43350 Ellison Pass Apt. 107, Ericview, MN 76805"
223,Thomas Navarro,jesseshepherd@example.org,"79194 Jessica Ports Suite 105, Nicholechester, MT 16300"
224,Janet Torres,julieatkinson@example.org,"8320 Maddox Terrace, East Ryanfurt, FL 17827"
225,James Hamilton,christopher90@example.net,"8376 Ann Street, East Charles, WI 56870"
226,Jacob Lee,gail91@example.org,"2597 Scott Viaduct, East Gina, FL 99818"
227,Ronnie Roberts,rodriguezbrian@example.net,"7705 Jody Forest, New Alexandra, KS 72433"
116,Jamie Escobar,jdean@example.net,"04394 Steven Branch Apt. 645, North Kellyfurt, IN 50400"
229,Cristian Rasmussen,mckeetodd@example.net,"38457 Garner Brook, Gabriellestad, SC 40127"
230,Lori Johns,wendyirwin,"432 Prince Shoals, North Jessica, NC 89367"
231,Erin Daniels,robertberry@example.com,"832 Barker Pine, South Wendy, WI 19526"
232,Ryan Thomas,lonniegrant@example.net,"6474 Kimberly Coves Apt. 209, Catherinebury, PA 30933"
233,Jonathan Jacobs,gracehoward@example.net,"67722 Jeremy Lodge Apt. 463, Port James, HI 58078"
234,Jared Williams,dwatts,"569 Abigail Mission Suite 038, Terrellton, OH 51278"
235,Julia Henderson,leescott@example.com,"827 Davis Parkway, East Kimberlyside, DC 52021"
236,Michelle Harris,bmorris@example.org,"2111 Walters Corner Suite 892, Pierceton, WI 22899"
237,Amber Parker,ariana22@example.org,"2123 Cindy Glen Apt. 777, New Nicolebury, IL 77684"
238,Dana Kelley,cchavez@example.org,"22050 Melissa Shores, Markland, AR 14773"
239,Matthew Graves,kchaney@example.net,"9501 Morris Light, Port Ronaldside, CA 38883"
240,Kelly Dominguez,staylor@example.com,"817 Simmons Vista, Jordanshire, RI 46881"
241,Dr. Stephen Hall IV,christinacrawford@example.net,"71396 Williams Keys, North Danielle, UT 37414"
242,Elizabeth Hunter,,"55699 Marilyn Fields, Marthafort, PW 62694"
243,Kimberly Rogers,brewertimothy@example.net,"084 Peters Brook Apt. 955, East Juantown, MA 49684"
244,Nicole Thornton,ashleyprice@example.net,"6173 Hayes Hollow, New Kevin, DE 49550"
245,John Porter,stricklandrobin@example.com,"845 Kayla Courts Apt. 307, Reeveshaven, DE 01039"
246,Ashley Miranda,sarah91@example.com,"435 James Harbor, Kendraville, KY 20072"
247,Christine Bell,joshuasmith@example.net,"493 Charles Ridge, Amberton, DC 04301"
248,Jeffery White,dberger@example.org,"545 Jennifer Skyway Apt. 792, Port Leahmouth, CT 60215"
249,Steven Scott,gabrielle77@example.org,"557 Johnson Mountains, West Timothyburgh, LA 46194"
250,Justin Jones,williamsullivan@example.net,"9639 Amy Orchard Suite 153, Muellerchester, OK 45353"
251,Sara Wilson,gilbertcaldwell@example.net,"172 Blanchard Cliff Apt. 965, Newmanton, CO 29023"
252,Charles Hernandez,paigeberger@example.net,"973 Erin Island Suite 946, Veronicashire, AL 80650"
253,Tracy Smith,sabbott@example.org,"40369 Garrett Station Suite 666, Lake Glenn, DC 25172"
254,Shane Martinez,xbridges@example.com,"76212 Dalton Turnpike, Hansonmouth, NY 56091"
255,Laura Bradford,ocruz@example.org,"8950 Ashley Squares Suite 197, East Jessicahaven, PR 98881"
256,Mark Alvarado,steven18@example.net,"058 Taylor Passage Suite 956, Susanport, LA 22456"
257,Debbie Soto,nealcarla@example.com,"490 Washington Crossroad, Port Kristenview, DC 81214"
258,Susan Stevenson,joshua40@example.net,"43728 Matthew Corner Apt. 927, Townsendbury, TN 58196"
259,Nicole Wilson,jasonnavarro@example.com,"4783 Vega Loaf Suite 428, Smithmouth, MS 89432"
260,Ryan Bishop,suzanne01@example.net,"4414 Murray Spring Apt. 938, Ericaburgh, MD 72277"
261,Brian Griffin,chambersmarie@example.org,"3009 Brian Ranch Apt. 911, Port Cassandrafurt, TN 85423"
262,Timothy Fowler,pauladominguez@example.com,"PSC 4654, Box 2140, APO AA 51434"
263,William Gonzalez,wendy44@example.org,"28639 Rita Stravenue Suite 101, New Jessicamouth, AK 65735"
264,Christian Rivera,denisesmith@example.org,"776 Anthony Tunnel, New Jeremiahfurt, UT 63686"
265,Jennifer Chen,bradleysavannah@example.com,"USS Diaz, FPO AA 11046"
266,Andrew Cruz,shodges@example.net,"57173 Austin Burg Apt. 761, Victormouth, AK 05356"
267,Mary Ellis,brian06@example.org,"931 Jill Overpass, South Rebeccaton, IA 92421"
268,Joy Jackson,alexischen@example.com,"79931 Ronald Valleys, Nguyenshire, ND 18501"
269,Bryan Thomas,mary30@example.net,"273 Dennis Turnpike Suite 207, North Adrianland, VT 85927"
270,Kelly Jenkins,robert72@example.org,"USS Carlson, FPO AP 66022"
271,David Wilson,burtonkimberly@example.com,"588 Steven Road, West Brian, DE 20059"
272,Matthew Mitchell,kjimenez@example.net,"701 Sara Fall Apt. 078, North Pattymouth, OR 76491"
273,David Gutierrez,robert53@example.org,"79706 Javier Ridge, Thompsonstad, DC 60497"
274,Michael Brown,crystalcantrell@example.org,"6253 Munoz Turnpike Apt. 983, South Melodyfort, VI 28870"
275,Shane Wright,rhood@example.org,"290 Baird Canyon, Quinnhaven, AZ 56298"
276,Jon Miller,zmendoza@example.net,"25431 Timothy Inlet Apt. 799, South Stevenberg, VI 92662"
277,April Burton,xlopez@example.net,"046 Wolfe Ridge Apt. 195, New Sierrastad, FM 07259"
278,Matthew Bush,reyessteven@example.org,"53817 Karen Trace, West Michael, KY 66504"
279,Jonathan Gallegos,eramirez@example.com,"9513 Miller Lock Apt. 411, West Daniel, FL 65555"
280,Wayne Weaver,nancymeyer@example.net,"7043 Andrew Unions Apt. 856, Dianamouth, NM 78273"
281,Carolyn Green,kellis@example.org,"25472 Jennifer Heights Apt. 222, North Blake, MD 75805"
282,Mary Spence,scottwood@example.org,"284 Samantha Lodge Suite 275, North Tara, ND 67008"
283,Elizabeth Kemp,,"Unit 9297 Box 5170, DPO AE 89368"
284,Gabriel Franklin,parkerrichard@example.org,"3018 Rhodes Corners, Leemouth, PA 79809"
285,Jaclyn Watson,kerrmichael@example.org,"7813 Figueroa Mall Suite 426, Taylorshire, PA 11783"
286,Tyler Avila,jaredwells@example.net,"462 Page Throughway Apt. 326, Angelaton, GU 40083"
287,Dennis Blanchard,troy73@example.org,"46273 David Harbor Suite 195, Cunninghamview, SC 90404"
288,Alicia Green,hmccann@example.com,"7252 Joseph Manor, Brandonport, NC 84248"
289,Paul Stephens,palmerkatie@example.org,"5189 Morrow Bridge Apt. 845, Jenkinsburgh, CT 29058"
290,Tiffany Mathis,wesleydecker@example.net,"7112 Timothy Inlet, Donmouth, FM 78836"
291,Carl Benson,gerald40@example.net,"32161 Andrew Orchard Suite 031, Port Donnashire, AR 61984"
292,Brent Martinez,kerrbradley@example.com,"50124 Bell Walk, New Ashley, CT 76278"
293,Paul Smith,ricejennifer@example.com,"759 Scott Coves, Port Michael, MS 56087"
294,Joseph Simpson,willierussell@example.com,"015 Wilson Haven Suite 947, New Richard, PR 56594"
295,Cassie Lutz,melissajacobson@example.com,"7811 Ralph Square, Lake Saraburgh, CA 48173"
296,Jeff Porter,matthewlarson@example.com,"657 Archer Pass Suite 271, West Tracybury, SC 18144"
297,Valerie Reyes,garciabrian@example.org,"9911 Sparks Flats, Ebonyfort, NY 34797"
298,Jeffrey Melendez,lisa88@example.org,"7700 Angela Wall Suite 276, West Jennifer, NM 14837"
299,Justin Moore,rkeller@example.net,"9695 Flores Burgs Apt. 255, Port Patriciamouth, MS 13260"
300,David Young,wreed@example.com,"141 Jackson Plain, Benjaminchester, OK 67971"
301,Eugene Hudson,sadams@example.com,"1357 Jackson Hills, Taraborough, NM 83789"
302,Zachary Morales,pittmanamanda@example.com,"919 Nelson Port, Simmonsstad, WY 10549"
303,Jason King,william46@example.net,"82973 Adams Route, Michaelton, NC 26800"
304,Sarah Jenkins,steven32@example.net,"364 Lucas Glens, South John, FL 25655"
305,Jessica Lucas,sanchezmargaret@example.com,"2044 Dawn Canyon, Caseyton, VI 11501"
306,Ann Hahn,carolyn16@example.com,"19818 Crawford Course, New David, AS 41580"
307,Christopher Booker,marisa63@example.com,"078 Lyons Creek Suite 867, West Natasha, FL 48079"
308,Lisa Skinner,tbaldwin@example.org,"348 Parker Squares, Rebeccaville, ND 31484"
309,Rodney Young,zprice@example.com,"5604 Madeline Overpass, Mclaughlinmouth, VT 55861"
310,Lance Li,hollowayholly@example.net,"002 Gibbs Dale Apt. 634, Barbaraville, GA 33217"
311,Nicholas Green,melaniejennings@example.com,"3165 Phillip Lane Apt. 008, North Terri, ID 34813"
312,Tyler Jackson,brandonwilliamson@example.net,"867 Wilson Station, East Sophia, GU 35392"
313,Daniel Holloway,julie62@example.com,"2620 Cherry Freeway, Solomonstad, OR 90189"
314,Michael Mcdaniel,emiller@example.org,"941 Angela Center Suite 375, North Jonfurt, ME 52234"
315,Jonathan Conrad,david80@example.net,"58624 Lawrence Crossroad, Savageview, WA 47764"
316,Deborah Edwards,qcampbell@example.net,"728 Brown Drive Apt. 320, Greenmouth, NE 15708"
317,Mr. Ryan Camacho,wwilliams@example.net,"42284 Brandy Avenue, South Samantha, IA 65789"
275,James Hickman,clayanthony@example.net,"01777 Wheeler Avenue Suite 097, Staceyshire, DC 28205"
319,Trevor James,solisjustin@example.org,"61032 Chan Haven, North Kenneth, AS 57171"
320,Jacob Gonzalez,rebecca92@example.com,"4996 Katherine Valleys Suite 926, Davishaven, MA 61256"
321,Kelly Roberts,deborahreeves@example.com,"2243 Phillips Causeway Apt. 081, Gutierrezmouth, TN 94913"
322,Matthew White,michael91@example.net,"16459 Todd Mission Suite 523, North Julie, PA 34490"
323,Matthew Stevens,hamiltonandrew@example.com,"9956 Miller Dale Apt. 310, Port Anthony, NJ 85517"
324,Cheryl Turner,debragraham@example.net,"0122 Maynard Mountains Apt. 793, West Ashley, MP 51846"
325,Sarah Mclaughlin,cookcurtis@example.net,"76789 Hall Circle Apt. 695, West Patriciachester, FM 62542"
326,Alisha Roberts,simpsonsheila@example.com,"3839 Dorsey Walk Suite 246, Whitakerstad, WY 62409"
327,Betty Gonzalez,christycampbell@example.net,"7433 Yvette Knolls, Michaelburgh, HI 66492"
328,Justin Tucker,romanmatthew@example.org,"Unit 5084 Box 2891, DPO AP 07109"
329,Lisa Garrison,wlloyd@example.org,"121 Rhonda Estate, Jeanhaven, NM 96518"
330,Jessica Perry,mooremichael@example.org,"5482 Joseph Stravenue, Wardbury, FL 99225"
331,Stephanie Crane,icobb@example.com,"72081 Matthew Locks Apt. 606, Lake Sandraberg, MH 75809"
332,Elizabeth Morales,levinetina@example.net,"550 Mccullough Ridge Apt. 673, Terryfurt, WI 26360"
333,Sheryl Meyer,christopher85@example.com,"88485 Andrew Underpass, Johnport, VA 55911"
334,Becky Sherman,dennismckenzie@example.com,"USCGC Evans, FPO AP 01184"
335,Stephanie Burton,pmorgan@example.net,"4492 Stone Gateway, West Zacharyborough, GU 47853"
336,Brandon Coleman,tgarcia@example.com,"1586 Wiggins Prairie, Fieldsmouth, UT 64666"
337,Mr. Walter Palmer,jcolon@example.net,"7028 Dorsey Crest, Rodriguezstad, OK 38458"
338,John Moody,millsdavid@example.com,"44327 David Keys Apt. 067, Arielmouth, WY 49955"
339,Mark Gill,mdavenport@example.org,"519 Hughes Locks, Ambermouth, WA 36857"
340,Michelle Hoffman,clinejasmine@example.net,"98909 Karen Parkway, North Dominiqueside, HI 02987"
341,Lisa Morales,kristin39@example.com,"6260 Reyes Course, North Amberport, FL 24443"
342,Lucas Nguyen,kayla24@example.com,"6152 Orozco Green, Davidville, AR 27050"
343,Janice Wilson,karenwillis@example.com,"617 Rick Fort Apt. 489, East Kathrynberg, ME 74982"
344,Brenda Fernandez,ogriffin@example.net,"687 Aaron Mountain, Deniseburgh, AL 08388"
136,Yvonne Kirby,qnelson,"28914 Randall Crossing Apt. 846, New William, AS 42221"
346,Mrs. Julia Greene,cynthia74@example.org,"097 Rachel Spring, South Angela, UT 92683"
347,Marilyn Ryan,ifarmer@example.org,"156 Hughes Villages Apt. 175, South Albert, WA 03093"
348,Elizabeth Robbins,erin53@example.org,"0479 Adrian View Suite 149, Jacksonborough, TN 97338"
349,Kelly Perez,cameronanderson@example.org,"08948 Smith Meadow Apt. 566, Davidhaven, NH 65456"
350,Kim Stewart,zachary03@example.org,"90361 James Isle Suite 110, Reynoldstown, OR 82591"
